CREATE TABLE USERS(Name VARCHAR(20) NOT NULL,Password VARCHAR(20) NOT NULL,Email_Id VARCHAR(30) PRIMARY KEY NOT NULL,DOB DATE,Gender CHAR(1),Age
INT NOT NULL,Mobile VARCHAR(20) NOT NULL,City VARCHAR(20) NOT NULL,State VARCHAR(15) NOT NULL,Security_Question VARCHAR(40) NOT NULL,Security_Answer
VARCHAR(20) NOT NULL);
insert into USERS values('GAGAN','hjsahj123','gangu45@gmail.com','1999-07-24','M','19','984565649','GADAG','KARNATAKA','What is your pet name?','Gangu');
insert into USERS values('DARSHAN','njjsjk456','darshan96@gmail.com','1999-04-12','M','19','944535209','UDUPI','KARNATAKA','What is your dream vehicle?','BMW');
insert into USERS values('DEEKSHA','sjakhk789','deeksha08@gmail.com','2000-08-30','F','18','971564890','KOLAR','KARNATAKA','Which is your best place?','CHICAGO');
insert into USERS values('RAGHU','hajshk325','raghu78@gmail.com','1999-02-08','M','19','946789049','SIRSI','KARNATAKA','What is your favourite dish?','BIRYANI');
insert into USERS values('AMBARISH','gshajk463','ambi99@gmail.com','1999-09-04','M','19','989789789','BENGALURU','KARNATAKA','Who is your favourite cricketer?','AB de Villiers');
insert into USERS values('MOUNISH','bnsnka123','mounish33@gmail.com','1999-03-23','M','19','885679279','BELGAVI','KARNATAKA','Which is your best place?','SINGAPORE');
insert into USERS values('CHETHAN','lalber567','chethu89@gmail.com','1999-11-26','M','19','978457820','KUMTA','KARNATAKA','What is your pet name?','CHETHU');
insert into USERS values('SANATH','fgahah489','sanath55@gmail.com','1999-06-13','M','19','984546789','BELLARY','KARNATAKA','Which is your best place?','GREEN LAND');
insert into USERS values('VINAYA','klaopo561','vinaya@gmail.com','2000-12-14','F','18','967845612','KUNDAPURA','KARNATAKA','What is your pet name?','CHINNU');
insert into USERS values('SAMARTH','hjakal563','sami22@gmail.com','1999-06-07','M','21','972568978','GADAG','KARNATAKA','What is your dream vehicle?','BENZ');
insert into USERS values('KARTHIK','fderei520','karthu23@gmail.com','1999-02-28','M','19','954962019','MANGALORE','KARNATAKA','Who is your favourite dish?','FISH CURRY');
insert into USERS values('ABHISHEK','wearca420','abhi98@gmail.com','1999-04-05','M','19','959965659','DAVANGERE','KARNATAKA','What is your pet name?','ABHI');
insert into USERS values('ADARSH','revnms245','adarsh70@gmail.com','1999-09-23','M','19','978545623','HUBLI','KARNATAKA','Who is your favourite cricketer?','SURESH RAINA');
insert into USERS values('RISHIKA','kjhgfd623','rishi@gmail.com','1999-01-01','F','19','889567909','BENGALURU','KARNATAKA','What is your dream vehicle?','ROYAL ENFIELD');
insert into USERS values('SUMEDH','mnbvcx423','sumi89@gmail.com','1999-03-03','M','15','996534568','MYSORE','KARNATAKA','What is your favourite cricketer?','ROHIT SHARMA');
insert into USERS values('WILLIAM','hjsahj1234','william@gmail.com','1999-06-24','M','19','984535649','GADAG','KARNATAKA','What is your pet name?','WILLI');
insert into USERS values('SAMPREETH','njjsjk4564','samph96@gmail.com','1999-05-12','M','19','942535209','UDUPI','KARNATAKA','What is your dream vehicle?','PULSAR');
insert into USERS values('SAINA','sjakhk7894','saina08@gmail.com','2000-08-3','F','18','971564810','KOLAR','KARNATAKA','Which is your best place?','LONDON');
insert into USERS values('RAGHU A','hajshk3254','raghua78@gmail.com','1999-12-08','M','19','946489049','SIRSI','KARNATAKA','What is your favourite dish?','CHICKEN');
insert into USERS values('AMBARISH B','gshajk4634','ambib99@gmail.com','1999-08-04','M','19','983789789','BENGALURU','KARNATAKA','Who is your favourite cricketer?','KOHLI');
insert into USERS values('MOUNISH C','bnsnka1234','mounishc33@gmail.com','1999-01-23','M','19','887679279','BELGAVI','KARNATAKA','Which is your best place?','OOTY');
insert into USERS values('CHETHAN D','lalber5674','chethud89@gmail.com','1999-10-26','M','19','978957820','KUMTA','KARNATAKA','What is your pet name?','CHETHUD');
insert into USERS values('SANATH E','fgahah4894','sanathe55@gmail.com','1999-08-13','M','19','984516789','BELLARY','KARNATAKA','Which is your best place?','FIN LAND');
insert into USERS values('VINAYA A','klaopo5614','vinayaa@gmail.com','2000-10-14','F','18','967845012','KUNDAPURA','KARNATAKA','What is your pet name?','CHINTU');
insert into USERS values('SAMARTH V','hjakal5634','samiv22@gmail.com','1999-08-07','M','21','972500978','GADAG','KARNATAKA','What is your dream vehicle?','BENZ');
insert into USERS values('KARTHIK M','fderei5204','karthum23@gmail.com','1999-05-28','M','19','954362019','MANGALORE','KARNATAKA','Who is your favourite dish?','MUTTON CURRY');
insert into USERS values('ABHISHEK R','wearca4204','abhir98@gmail.com','1999-06-05','M','19','959915659','DAVANGERE','KARNATAKA','What is your pet name?','ABHIR');
insert into USERS values('ADARSH I','revnms2454','adarshi70@gmail.com','1999-07-23','M','19','978505623','HUBLI','KARNATAKA','Who is your favourite cricketer?',' RAINA');
insert into USERS values('RISHIKA J','kjhgfd6234','rishij@gmail.com','1999-08-01','F','19','889567009','BENGALURU','KARNATAKA','What is your dream vehicle?',' ENFIELD');
insert into USERS values('SUMEDH H','mnbvcx4234','sumih89@gmail.com','1999-09-03','M','15','996534068','MYSORE','KARNATAKA','What is your favourite cricketer?','ISHANTH SHARMA');
insert into USERS values('HARISH','hjsahj1234','hari45@gmail.com','1999-10-24','M','19','984565639','GADAG','KARNATAKA','What is your pet name?','HARI');
insert into USERS values('SURESH','njjsjk4564','suresh96@gmail.com','1999-09-12','M','19','944235209','UDUPI','KARNATAKA','What is your dream vehicle?','APACHE');
insert into USERS values('RAMESH','sjakhk7894','ramesh08@gmail.com','2000-03-30','M','18','971544890','KOLAR','KARNATAKA','Which is your best place?','TAJ MAHAL');
insert into USERS values('KAMALESH','hajshk3254','kamalesh78@gmail.com','1999-07-08','M','19','846789049','SIRSI','KARNATAKA','What is your favourite dish?','CAPSULE');
insert into USERS values('AVNISH','gshajk4634','avni99@gmail.com','1999-05-04','M','19','989789749','BENGALURU','KARNATAKA','Who is your favourite cricketer?','DHONI');
insert into USERS values('HARSHITH','bnsnka1234','harshit33@gmail.com','1999-10-23','M','19','883679279','BELGAVI','KARNATAKA','Which is your best place?','NAGALAND');
insert into USERS values('HARSHITHA','lalber5674','harshita89@gmail.com','1999-12-26','F','19','998457820','KUMTA','KARNATAKA','What is your pet name?','HARSH');
insert into USERS values('SAMYUKTHA','fgahah4894','samyuk55@gmail.com','1999-06-19','M','19','984246789','BELLARY','KARNATAKA','Which is your best place?','MEGA LAND');
insert into USERS values('VINAYAKA','klaopo5614','vinayaka@gmail.com','2000-12-18','M','18','967845612','KUNDAPURA','KARNATAKA','What is your pet name?','CHINNU');
insert into USERS values('BADRINATH','hjakal5634','badri22@gmail.com','1999-06-27','M','21','972528978','GADAG','KARNATAKA','What is your dream vehicle?','BENZ');
insert into USERS values('DINESH','fderei5204','dinesh23@gmail.com','1999-02-21','M','19','954962219','MANGALORE','KARNATAKA','Who is your favourite dish?','FISH CURRY');
insert into USERS values('AVIRUTH','wearca4204','avi98@gmail.com','1999-04-03','M','19','959965652','DAVANGERE','KARNATAKA','What is your pet name?','ABHI');
insert into USERS values('HARDIK','revnms2454','hardik70@gmail.com','1999-09-23','M','19','978545323','HUBLI','KARNATAKA','Who is your favourite cricketer?','SURESH RAINA');
insert into USERS values('KRUNAL','kjhgfd6234','krunal@gmail.com','1999-01-05','F','19','889567900','BENGALURU','KARNATAKA','What is your dream vehicle?','ROYAL ENFIELD');
insert into USERS values('ROHITH','mnbvcx4234','rohith89@gmail.com','1999-03-29','M','15','996534068','MYSORE','KARNATAKA','What is your favourite cricketer?','ROHIT SHARMA');
insert into USERS values('MALINGA','fderei5204','mali23@gmail.com','1999-02-22','M','19','954962009','MANGALORE','KARNATAKA','Who is your favourite dish?','FISH CURRY');
insert into USERS values('POLLARD','wearca4204','poli98@gmail.com','1999-04-09','M','19','959965609','DAVANGERE','KARNATAKA','What is your pet name?','ABHI');
insert into USERS values('GAYLE','revnms2454','gayle0@gmail.com','1999-09-21','M','19','978545023','HUBLI','KARNATAKA','Who is your favourite cricketer?','SURESH RAINA');
insert into USERS values('PARTHIV','kjhgfd6234','parth@gmail.com','1999-01-26','M','19','889561909','BENGALURU','KARNATAKA','What is your dream vehicle?','ROYAL ENFIELD');
insert into USERS values('SHASHANK','mnbvcx4234','shash89@gmail.com','1999-03-09','M','15','992534568','MYSORE','KARNATAKA','What is your favourite cricketer?','ROHIT SHARMA');

CREATE TABLE STATION(Station_id VARCHAR(10) PRIMARY KEY NOT NULL,Station_name VARCHAR(30));
insert into STATION values('SBC','Bangalore City Junction');
insert into STATION values('KUDA','Kundapura');
insert into STATION values('BJP','Bijapur');
insert into STATION values('DVG','Davangere');
insert into STATION values('GDG','Gadag Junction');
insert into STATION values('HVR','Haveri');
insert into STATION values('BGM','Belgaum');
insert into STATION values('BAY','Bellary Junction');
insert into STATION values('KT','Kumta');
insert into STATION values('UBL','Hubli');
insert into STATION values('MYS','Mysore Junction');
insert into STATION values('MAJN','Mangalore Junction');
insert into STATION values('UD','Udupi');
insert into STATION values('BNCE','Bangalore East');
insert into STATION values('BYNR','Byndoor');



CREATE TABLE TRAIN(Train_id INT PRIMARY KEY NOT NULL,Train_name VARCHAR(30),Train_type VARCHAR(20)NOT NULL,Source_station VARCHAR(40) NOT NULL,Destination_station VARCHAR(40)NOT NULL,Source_id VARCHAR(10) NOT NULL,Destination_id VARCHAR(10) NOT NULL,FOREIGN KEY (Source_id) REFERENCES STATION(Station_id) ON UPDATE CASCADE ON DELETE CASCADE,FOREIGN KEY(Destination_id) REFERENCES STATION(Station_id) ON UPDATE NO ACTION ON DELETE NO ACTION);

insert into TRAIN values(01035,'Mys Ru Exp','Passenger train','Bengaluru City Junction','Mysore Junction','SBC','MYS');
insert into TRAIN values(56912,'Hubli Bengalore Exp','Fast Passenger','Bengaluru City Junction','Hubli','SBC','UBL');
insert into TRAIN values(45230,'Bglr Mglr Exp','Express train','Mangalore Junction','Bangalore City Junction ','MAJN','SBC');
insert into TRAIN values(35645,'Davangere Udupi Exp','Semi Speed Train','Davangere','Udupi','DVG','UD');
insert into TRAIN values(89564,'Gdg Bndr Exp','Passenger train','Gadag Junction','Byndoor','GDG','BYNR');
insert into TRAIN values(65356,'Kndp Bjpr Exp','Local train','Kundapura','Bijapur','KUDA','BJP');
insert into TRAIN values(78952,'Blry Hvri Exp','Garib Rath','Bellary Junction','Haveri','BAY','HVR');
insert into TRAIN values(98451,'Blgm Kumta Exp','Fast Passenger','Belgaum','Kumta','BGM','KT');
insert into TRAIN values(54689,'Udp bglr Exp','Luxury train','Udupi','Bangalore East','UD','BNCE');
insert into TRAIN values(52102,'Bndr Kumta Exp ','Passenger train','Byndoor','Kumta','BYNR','KT');



CREATE TABLE TRAIN_CLASS( Train_ID INT NOT NULL,FOREIGN KEY(Train_ID) REFERENCES TRAIN(Train_id) ON UPDATE CASCADE ON DELETE CASCADE,Fare_class1 VARCHAR(5) NOT NULL,Seat_class1 VARCHAR(5) NOT NULL,Fare_class2 VARCHAR(5) NOT NULL,Seat_class2 VARCHAR(5) NOT NULL,Fare_class3 VARCHAR(5) NOT NULL,Seat_class3 VARCHAR(5) NOT NULL);

insert into TRAIN_CLASS values(01035,'160','SL','330','2S','550','2A');
insert into TRAIN_CLASS values(56912,'340','SL','560','2A','780','3A');
insert into TRAIN_CLASS values(45230,'460','SL','750','2A','1220','3A');
insert into TRAIN_CLASS values(35645,'270','SL','430','2A','680','3A');
insert into TRAIN_CLASS values(89564,'330','SL','510','2A','790','3A');
insert into TRAIN_CLASS values(65356,'750','SL','990','2A','1500','3A');
insert into TRAIN_CLASS values(78952,'550','SL','880','2A','1120','3A');
insert into TRAIN_CLASS values(98451,'315','SL','650','2A','900','3A');
insert into TRAIN_CLASS values(54689,'630','SL','990','2A','1220','3A');
insert into TRAIN_CLASS values(52102,'130','SL','350','2S','750','2A');


CREATE TABLE DAYS_AVAILABLE(Train_ID INT NOT NULL,FOREIGN KEY(Train_ID) REFERENCES TRAIN(Train_id) ON UPDATE CASCADE ON DELETE CASCADE,Available_days VARCHAR(20));

insert into DAYS_AVAILABLE values(01035,'Y,Y,Y,Y,Y,Y,Y');
insert into DAYS_AVAILABLE values(56912,'Y,N,Y,N,Y,N,N');
insert into DAYS_AVAILABLE values(45230,'Y,N,N,Y,N,Y,N');
insert into DAYS_AVAILABLE values(35645,'Y,Y,N,N,Y,Y,N');
insert into DAYS_AVAILABLE values(89564,'N,N,Y,Y,Y,N,Y');
insert into DAYS_AVAILABLE values(65356,'N,Y,N,Y,N,Y,Y');
insert into DAYS_AVAILABLE values(78952,'Y,N,Y,Y,Y,Y,Y');
insert into DAYS_AVAILABLE values(98451,'N,N,N,Y,Y,Y,Y');
insert into DAYS_AVAILABLE values(54689,'N,N,Y,Y,N,N,Y');
insert into DAYS_AVAILABLE values(52102,'Y,N,Y,Y,Y,N,N');


CREATE TABLE Passenger (PNR VARCHAR(25)PRIMARY KEY NOT NULL, Seat_number INT NOT NULL, Passenger_name VARCHAR(30)NOT NULL, Age INT NOT NULL, Gender VARCHAR(8)NOT NULL, Train_ID INT NOT NULL,FOREIGN KEY(Train_ID) REFERENCES TRAIN(Train_id) ON UPDATE CASCADE ON DELETE CASCADE);




insert into Passenger values('8956478213',1,'Manu','19','M',01035);
insert into Passenger values('8956578213',2,'Soma','29','M',01035);
insert into Passenger values('8956678213',15,'Bhima','16','M',45230);
insert into Passenger values('8956778213',3,'Sushma','13','F',56912);
insert into Passenger values('8956878213',12,'Rudresh','39','M',35645);
insert into Passenger values('8952378213',7,'Ravi','21','M',35645);
insert into Passenger values('8954578213',3,'Sanu','10','F',89564);
insert into Passenger values('8956978213',5,'Sandhu','23','M',45230);
insert into Passenger values('8957978213',13,'Vishwas','39','M',56912);
insert into Passenger values('8956478245',2,'Kiran','18','M',52102);
insert into Passenger values('8956478211',11,'Ranga','53','M',78952);
insert into Passenger values('8956478365',1,'Madhu','17','F',89564);
insert into Passenger values('8956478898',2,'Mahesh','29','M',78952);
insert into Passenger values('8956478478',4,'Sharu','26','M',54689);
insert into Passenger values('8956478212',6,'Rafiq','19','M',65356);
insert into Passenger values('8956478998',9,'Suhas','49','M',98451);
insert into Passenger values('8956478420',7,'Komala','19','F',65356);
insert into Passenger values('8956478780',8,'Pavithra','20','F',98451);
insert into Passenger values('8956478326',2,'Alok','16','M',78952);
insert into Passenger values('8956478961',1,'Yashas','19','M',54689);
insert into Passenger values('8956478223',3,'Manu J','19','M',01035);
insert into Passenger values('8956578224',4,'Soma M','29','M',01035);
insert into Passenger values('8956678225',6,'Bhima A','16','M',45230);
insert into Passenger values('8956778226',8,'Sushma B','13','F',56912);
insert into Passenger values('8956878227',13,'Rudresh C','39','M',35645);
insert into Passenger values('8952378228',17,'Ravi D','21','M',35645);
insert into Passenger values('8954578229',13,'Sanu E','10','F',89564);
insert into Passenger values('8956978230',15,'Sandhu F','23','M',45230);
insert into Passenger values('8957978231',23,'Vishwas G','39','M',56912);
insert into Passenger values('8956478232',20,'Kiran H','18','M',52102);
insert into Passenger values('8956478233',21,'Ranga I','53','M',78952);
insert into Passenger values('8956478334',10,'Madhu J','17','F',89564);
insert into Passenger values('8956478835',23,'Mahesh K','29','M',78952);
insert into Passenger values('8956478436',14,'Sharu L','26','M',54689);
insert into Passenger values('8956478237',16,'Rafiq M','19','M',65356);
insert into Passenger values('8956478938',19,'Suhas N','49','M',98451);
insert into Passenger values('8956478439',17,'Komala O','19','F',65356);
insert into Passenger values('8956478740',28,'Pavithra P','20','F',98451);
insert into Passenger values('8956478341',29,'Alok Q','16','M',78952);
insert into Passenger values('8956478942',13,'Yashas R','19','M',54689);
insert into Passenger values('8956478243',1,'Ranga S','53','M',78952);
insert into Passenger values('8956478344',5,'Madhu T','17','F',89564);
insert into Passenger values('8956478845',3,'Mahesh U','29','M',78952);
insert into Passenger values('8956478446',2,'Sharu V','26','M',54689);
insert into Passenger values('8956478247',7,'Rafiq W', '19','M',65356);
insert into Passenger values('8956478948',8,'Suhas X','49','M',98451);
insert into Passenger values('8956478449',3,'Komala Y','19','F',65356);
insert into Passenger values('8956478750',1,'Pavithra Z','20','F',98451);
insert into Passenger values('8956478351',2,'Alok A','16','M',78952);
insert into Passenger values('8956478952',32,'Yashas B','19','M',54689);


CREATE TABLE Passenger_ticket(PNR VARCHAR(25)NOT NULL, Source_id VARCHAR(10) NOT NULL,Destination_ID VARCHAR(10) NOT NULL, Class_type VARCHAR(50)NOT NULL, Reservation_status VARCHAR(25)NOT NULL, Train_ID INT NOT NULL,FOREIGN KEY(Train_ID) REFERENCES TRAIN(Train_id) ON UPDATE CASCADE ON DELETE CASCADE,FOREIGN KEY(PNR) REFERENCES Passenger(PNR) ON UPDATE CASCADE ON DELETE CASCADE,FOREIGN KEY(Source_id) REFERENCES STATION(Station_id),FOREIGN KEY(Destination_ID) REFERENCES STATION(Station_id) ON UPDATE NO ACTION ON DELETE NO ACTION);


insert into Passenger_ticket values('8956478213','SBC','MYS','Sleeper Class','Confirmed',01035);
insert into Passenger_ticket values('8956578213','SBC','UBL','Second seating','Confirmed',01035);
insert into Passenger_ticket values('8956678213','MAJN','SBC','AC 2Tier','Waiting',56912);
insert into Passenger_ticket values('8956778213','SBC','MAJN','AC 3Tier','Confirmed',56912);
insert into Passenger_ticket values('8956878213','DVG','UD','Sleeper Class','Canceled',45230);
insert into Passenger_ticket values('8952378213','UD','DVG','AC 3Tier','Confirmed',45230);
insert into Passenger_ticket values('8954578213','GDG','BYNR','AC 2Tier','Waiting',35645);
insert into Passenger_ticket values('8956978213','BYNR','GDG','Sleeper Class','Confirmed',35645);
insert into Passenger_ticket values('8957978213','KUDA','BJP','AC 2Tier','Canceled',89564);
insert into Passenger_ticket values('8956478245','BJP','KUDA','AC 2Tier','Confirmed',89564);
insert into Passenger_ticket values('8956478211','BAY','HVR','Sleeper Class','Confirmed',65356);
insert into Passenger_ticket values('8956478365','HVR','BAY','AC 3Tier','Waiting',65356);
insert into Passenger_ticket values('8956478898','BAY','HVR','AC 3Tier','Confirmed',78952);
insert into Passenger_ticket values('8956478478','BGM','KT','Sleeper Class','Confirmed',78952);
insert into Passenger_ticket values('8956478212','KT','BGM','AC 2Tier','Waiting',98451);
insert into Passenger_ticket values('8956478998','UD','BNCE','Sleeper Class','Confirmed',98451);
insert into Passenger_ticket values('8956478420','BNCE','UD','AC 3Tier','Canceled',54689);
insert into Passenger_ticket values('8956478780','BYNR','KT','Sleeper Class','Confirmed',54689);
insert into Passenger_ticket values('8956478326','KT','BYNR','Sleeper Class','Waiting',52102);
insert into Passenger_ticket values('8956478961','SBC','MYS','Second Seating','Confirmed',52102);
insert into Passenger_ticket values('8956478223','SBC','MYS','Sleeper Class','Confirmed',01035);
insert into Passenger_ticket values('8956578224','SBC','UBL','Second seating','Confirmed',01035);
insert into Passenger_ticket values('8956678225','MAJN','SBC','AC 2Tier','Waiting',56912);
insert into Passenger_ticket values('8956778226','SBC','MAJN','AC 3Tier','Confirmed',56912);
insert into Passenger_ticket values('8956878227','DVG','UD','Sleeper Class','Canceled',45230);
insert into Passenger_ticket values('8952378228','UD','DVG','AC 3Tier','Confirmed',45230);
insert into Passenger_ticket values('8954578229','GDG','BYNR','AC 2Tier','Waiting',35645);
insert into Passenger_ticket values('8956978230','BYNR','GDG','Sleeper Class','Confirmed',35645);
insert into Passenger_ticket values('8957978231','KUDA','BJP','AC 2Tier','Canceled',89564);
insert into Passenger_ticket values('8956478232','BJP','KUDA','AC 2Tier','Confirmed',89564);
insert into Passenger_ticket values('8956478233','BAY','HVR','Sleeper Class','Confirmed',65356);
insert into Passenger_ticket values('8956478334','HVR','BAY','AC 3Tier','Waiting',65356);
insert into Passenger_ticket values('8956478835','BAY','HVR','AC 3Tier','Confirmed',78952);
insert into Passenger_ticket values('8956478436','BGM','KT','Sleeper Class','Confirmed',78952);
insert into Passenger_ticket values('8956478237','KT','BGM','AC 2Tier','Waiting',98451);
insert into Passenger_ticket values('8956478938','UD','BNCE','Sleeper Class','Confirmed',98451);
insert into Passenger_ticket values('8956478439','BNCE','UD','AC 3Tier','Canceled',54689);
insert into Passenger_ticket values('8956478740','BYNR','KT','Sleeper Class','Confirmed',54689);
insert into Passenger_ticket values('8956478341','KT','BYNR','Sleeper Class','Waiting',52102);
insert into Passenger_ticket values('8956478942','SBC','MYS','Second Seating','Confirmed',52102);
insert into Passenger_ticket values('8956478243','BAY','HVR','Sleeper Class','Confirmed',65356);
insert into Passenger_ticket values('8956478344','HVR','BAY','AC 3Tier','Waiting',65356);
insert into Passenger_ticket values('8956478845','BAY','HVR','AC 3Tier','Confirmed',78952);
insert into Passenger_ticket values('8956478446','BGM','KT','Sleeper Class','Confirmed',78952);
insert into Passenger_ticket values('8956478247','KT','BGM','AC 2Tier','Waiting',98451);
insert into Passenger_ticket values('8956478948','UD','BNCE','Sleeper Class','Confirmed',98451);
insert into Passenger_ticket values('8956478449','BNCE','UD','AC 3Tier','Canceled',54689);
insert into Passenger_ticket values('8956478750','BYNR','KT','Sleeper Class','Confirmed',54689);
insert into Passenger_ticket values('8956478351','KT','BYNR','Sleeper Class','Waiting',52102);
insert into Passenger_ticket values('8956478952','SBC','MYS','Second Seating','Confirmed',52102);



CREATE TABLE Train_status (Train_ID INT NOT NULL, Available_Date date PRIMARY KEY NOT NULL , Booked_seats INT NULL, Waiting_seats INT NULL, Available_seats INT NULL,FOREIGN KEY(Train_ID) REFERENCES TRAIN(Train_id) ON UPDATE CASCADE ON DELETE CASCADE);

insert into Train_status values(01035,'2019-03-23',30,10,20);
insert into Train_status values(56912,'2019-03-25',15,12,33);
insert into Train_status values(45230,'2019-03-29',19,11,30);
insert into Train_status values(35645,'2019-03-24',33,12,15);
insert into Train_status values(89564,'2019-03-30',25,5,30);
insert into Train_status values(65356,'2019-03-26',40,10,10);
insert into Train_status values(78952,'2019-03-28',29,21,10);
insert into Train_status values(98451,'2019-03-31',19,12,29);
insert into Train_status values(54689,'2019-04-01',36,4,20);
insert into Train_status values(52102,'2019-03-27',32,10,18);



CREATE TABLE Reservation (Train_ID INT NOT NULL, Available_Date date NOT NULL, Email_ID VARCHAR(30)NOT NULL, PNR VARCHAR(20)NOT NULL, Reservation_Date DATE NOT NULL, Reservation_Status VARCHAR(20)NULL,FOREIGN KEY(Train_ID) REFERENCES TRAIN(Train_id) ON UPDATE CASCADE ON DELETE CASCADE,FOREIGN KEY(Available_Date) REFERENCES Train_status(Available_Date)ON UPDATE CASCADE ON DELETE CASCADE,FOREIGN KEY(Email_ID) REFERENCES Users(Email_id) ON UPDATE CASCADE ON DELETE CASCADE,FOREIGN KEY(PNR) REFERENCES Passenger(PNR));

insert into Reservation values(01035,'2019-03-23','gangu45@gmail.com','8956478213','2019-03-18' ,'Confirmed');
insert into Reservation values(01035,'2019-03-23','parth@gmail.com','8956578213','2019-03-16' ,'Confirmed');
insert into Reservation values(56912,'2019-03-25','darshan96@gmail.com','8956678213','2019-03-15' ,'Waiting');
insert into Reservation values(56912,'2019-03-25','mounish33@gmail.com','8956778213','2019-03-18' ,'Confirmed');
insert into Reservation values(45230,'2019-03-24','gayle0@gmail.com','8956878213','2019-03-19' ,'Canceled');
insert into Reservation values(45230,'2019-03-29','deeksha08@gmail.com','8952378213','2019-03-22' ,'Confirmed');
insert into Reservation values(35645,'2019-03-23','raghu78@gmail.com','8954578213','2019-03-21' ,'Waiting');
insert into Reservation values(35645,'2019-03-30','shash89@gmail.com','8956978213','2019-03-20' ,'Confirmed');
insert into Reservation values(89564,'2019-03-26','ambi99@gmail.com','8957978213','2019-03-12' ,'Canceled');
insert into Reservation values(89564,'2019-03-25','ambi99@gmail.com','8956478245','2019-03-13' ,'Confirmed');
insert into Reservation values(65356,'2019-03-30','chethu89@gmail.com','8956478211','2019-03-18' ,'Confirmed');
insert into Reservation values(65356,'2019-03-31','sanath55@gmail.com','8956478365','2019-03-16' ,'Waiting');
insert into Reservation values(78952,'2019-04-01','vinaya@gmail.com','8956478898','2019-03-15','Confirmed');
insert into Reservation values(78952,'2019-03-27','sami22@gmail.com','8956478478','2019-03-14' ,'Confirmed');
insert into Reservation values(98451,'2019-03-28','sumi89@gmail.com','8956478212','2019-03-19' ,'Waiting');
insert into Reservation values(98451,'2019-03-26','adarsh70@gmail.com','8956478998','2019-03-18' ,'Confirmed');
insert into Reservation values(54689,'2019-03-28','sumi89@gmail.com','8956478420','2019-03-17' ,'Canceled');
insert into Reservation values(54689,'2019-03-30','abhi98@gmail.com','8956478780','2019-03-20' ,'Confirmed');
insert into Reservation values(52102,'2019-04-01','rishi@gmail.com','8956478326','2019-03-21' ,'Waiting');
insert into Reservation values(52102,'2019-03-29','karthu23@gmail.com','8956478961','2019-03-16' ,'Confirmed');
insert into Reservation values(01035,'2019-03-23','william@gmail.com','8956478223','2019-03-18' ,'Confirmed');
insert into Reservation values(01035,'2019-03-23','saina08@gmail.com','8956578224','2019-03-16' ,'Confirmed');
insert into Reservation values(56912,'2019-03-25','samph96@gmail.com','8956678225','2019-03-15' ,'Waiting');
insert into Reservation values(56912,'2019-03-25','mounishc33@gmail.com','8956778226','2019-03-18' ,'Confirmed');
insert into Reservation values(45230,'2019-03-24','saina08@gmail.com','8956878227','2019-03-19' ,'Canceled');
insert into Reservation values(45230,'2019-03-29','ambib99@gmail.com','8952378228','2019-03-22' ,'Confirmed');
insert into Reservation values(35645,'2019-03-23','raghua78@gmail.com','8954578229','2019-03-21' ,'Waiting');
insert into Reservation values(35645,'2019-03-30','chethud89@gmail.com','8956978230','2019-03-20' ,'Confirmed');
insert into Reservation values(89564,'2019-03-26','sanathe55@gmail.com','8957978231','2019-03-12' ,'Canceled');
insert into Reservation values(89564,'2019-03-25','vinayaa@gmail.com','8956478232','2019-03-13' ,'Confirmed');
insert into Reservation values(65356,'2019-03-30','samiv22@gmail.com','8956478233','2019-03-18' ,'Confirmed');
insert into Reservation values(65356,'2019-03-31','karthum23@gmail.com','8956478334','2019-03-16' ,'Waiting');
insert into Reservation values(78952,'2019-04-01','abhir98@gmail.com','8956478835','2019-03-15','Confirmed');
insert into Reservation values(78952,'2019-03-27','adarshi70@gmail.com','8956478436','2019-03-14' ,'Confirmed');
insert into Reservation values(98451,'2019-03-28','rishij@gmail.com','8956478237','2019-03-19' ,'Waiting');
insert into Reservation values(98451,'2019-03-26','sumih89@gmail.com','8956478938','2019-03-18' ,'Confirmed');
insert into Reservation values(54689,'2019-03-28','hari45@gmail.com','8956478439','2019-03-17' ,'Canceled');
insert into Reservation values(54689,'2019-03-30','suresh96@gmail.com','8956478740','2019-03-20' ,'Confirmed');
insert into Reservation values(52102,'2019-04-01','ramesh08@gmail.com','8956478341','2019-03-21' ,'Waiting');
insert into Reservation values(52102,'2019-03-29','kamalesh78@gmail.com','8956478942','2019-03-16' ,'Confirmed');
insert into Reservation values(65356,'2019-03-31','samyuk55@gmail.com','8956478343','2019-03-16' ,'Waiting');
insert into Reservation values(78952,'2019-04-01','vinayaka@gmail.com','8956478844','2019-03-15','Confirmed');
insert into Reservation values(78952,'2019-03-27','badri22@gmail.com','8956478445','2019-03-14' ,'Confirmed');
insert into Reservation values(98451,'2019-03-28','dinesh23@gmail.com','8956478246','2019-03-19' ,'Waiting');
insert into Reservation values(98451,'2019-03-26','avi98@gmail.com','8956478947','2019-03-18' ,'Confirmed');
insert into Reservation values(54689,'2019-03-28','hardik70@gmail.com','8956478448','2019-03-17' ,'Canceled');
insert into Reservation values(54689,'2019-03-30','krunal@gmail.com','8956478749','2019-03-20' ,'Confirmed');
insert into Reservation values(52102,'2019-04-01','rohith89@gmail.com','8956478350','2019-03-21' ,'Waiting');
insert into Reservation values(52102,'2019-03-29','mali23@gmail.com','8956478951','2019-03-16' ,'Confirmed');
insert into Reservation values(52102,'2019-03-29','poli98@gmail.com','8956478952','2019-03-16' ,'Confirmed');

CREATE TABLE Route(Train_ID INT NOT NULL, Stop_number INT PRIMARY KEY NOT NULL, Station_ID VARCHAR(10) NOT NULL,Arrival_time time NOT NULL,Departure_time time NOT NULL,Source_distance INT NOT NULL,FOREIGN KEY(Train_ID)REFERENCES TRAIN(Train_id) ON UPDATE CASCADE ON DELETE CASCADE,FOREIGN KEY(Station_ID) REFERENCES Station(Station_id) ON UPDATE CASCADE ON DELETE CASCADE);
 
insert into Route values(01035,3,'SBC','08:34:06','08:36:06',150);
insert into Route values(56912,12,'SBC','07:21:35','07:25:00',240);
insert into Route values(45230,17,'MAJN','13:30:25','13:40:25',390);
insert into Route values(35645,8,'DVG','15:30:30','15:32:00',200);
insert into Route values(89564,6,'GDG','19:00:54','19:08:06',175);
insert into Route values(65356,15,'KUDA','21:04:00','21:10:00',300);
insert into Route values(78952,9,'BAY','04:30:30','04:33:30',250);
insert into Route values(98451,7,'BGM','05:25:20','05:30:00',220);
insert into Route values(54689,19,'UD','06:15:28','06:15:32',430);
insert into Route values(52102,4,'BYNR','09:30:00','09:45:00',120);
 

CREATE TABLE Route_HAS_Station(Train_ID INT NOT NULL,Station_ID VARCHAR(10) PRIMARY KEY NOT NULL, Stop_number INT NOT NULL,FOREIGN KEY(Train_ID) REFERENCES (Train_id));
insert into Route_HAS_Station values(01035,'MYS',3);
insert into Route_HAS_Station values(56912,'UBL',12);
insert into Route_HAS_Station values(45230,'SBC',17);
insert into Route_HAS_Station values(35645,'UD',8);
insert into Route_HAS_Station values(89645,'BYNR',6);
insert into Route_HAS_Station values(65356,'BJP',15);
insert into Route_HAS_Station values(78952,'HVR',9);
insert into Route_HAS_Station values(98451,'KT',7);
insert into Route_HAS_Station values(54689,'BNCE',19);
insert into Route_HAS_Station values(52102,'KUM',4);


CREATE TABLE Admin(User_ID VARCHAR(20)PRIMARY KEY NOT NULL, Password VARCHAR(15)NOT NULL);
insert into admin values('gagan@123','hjsahj123');
insert into admin values('darsh@456','njjsjk456');
insert into admin values('deeksh@789','sjakhk789');
insert into admin values('raghu@325','hajshk325');
insert into admin values('ambi@463','gshajk463');
insert into admin values('mouni@123','bnsnka123');
insert into admin values('cheta@567','lalber567');
insert into admin values('abhi@420','wearca420');
insert into admin values('sanat@489','fgahah489');
insert into admin values('vinaya@561','klaopo561');
insert into admin values('samar@563','hjakal563');
insert into admin values('karth@520','fderei520');
insert into admin values('adars@245','revnms245');
insert into admin values('rishi@623','kjhgfd623');
insert into admin values('sumed@423','mnbvcx423');
insert into admin values('william@123','hjsahj1234');
insert into admin values('samp@456','njjsjk4564');
insert into admin values('saina@789','sjakhk7894');
insert into admin values('parth@325','hajshk3254');
insert into admin values('ambia@463','gshajk4634');
insert into admin values('raghua@123','bnsnka1234');
insert into admin values('ambib@567','lalber5674');
insert into admin values('mounic@420','wearca4204');
insert into admin values('chetd@489','fgahah4894');
insert into admin values('sanate@561','klaopo5614');
insert into admin values('vinayaa@563','hjakal5634');
insert into admin values('samartv@520','fderei5204');
insert into admin values('kartm@245','revnms2454');
insert into admin values('abhir@623','kjhgfd6234');
insert into admin values('adari@423','mnbvcx4234');
insert into admin values('rishij@563','hjakal5634');
insert into admin values('sumeh@520','fderei5204');
insert into admin values('hari@245','revnms2454');
insert into admin values('sure@623','kjhgfd6234');
insert into admin values('rame@423','mnbvcx4234');
insert into admin values('kamel@123','hjsahj1234');
insert into admin values('avni@456','njjsjk4564');
insert into admin values('harshi@789','sjakhk7894');
insert into admin values('harshitha@325','hajshk3254');
insert into admin values('samuk@463','gshajk4634');
insert into admin values('vinayaka@123','bnsnka1234');
insert into admin values('badri@567','lalber5674');
insert into admin values('dinesh@420','wearca4204');
insert into admin values('aviruth@489','fgahah4894');
insert into admin values('hardik@561','klaopo5614');
insert into admin values('krunal@563','hjakal5634');
insert into admin values('rohith@520','fderei5204');
insert into admin values('mali@245','revnms2454');
insert into admin values('poli@623','kjhgfd6234');
insert into admin values('gayle@423','mnbvcx4234');







